Rk,Player,Pos,Age,Tm,G,MP,PER,TS%,3PAr,FTr,ORB%,DRB%,TRB%,AST%,STL%,BLK%,TOV%,USG%,,OWS,DWS,WS,WS/48,,OBPM,DBPM,BPM,VORP,Player-additional
1,James Harden,SG,28,HOU,72,2551,29.8,.619,.498,.502,1.8,15.2,8.6,45.1,2.4,1.7,15.1,36.1,,11.6,3.8,15.4,.289,,8.5,1.4,9.9,7.7,hardeja01
2,Russell Westbrook,PG,29,OKC,80,2914,24.7,.524,.193,.336,5.6,25.7,15.3,49.8,2.5,0.6,16.4,34.1,,5.5,4.5,10.1,.166,,4.8,1.5,6.3,6.1,westbru01
3,Joel Embiid,C,23,PHI,63,1912,22.9,.573,.203,.442,8.4,29.7,19.4,18.0,1.0,4.8,15.6,33.4,,2.3,3.8,6.2,.155,,2.0,1.3,3.3,2.6,embiijo01
4,DeMarcus Cousins,C,27,NOP,48,1737,22.6,.583,.340,.456,6.8,30.9,19.2,23.0,2.2,3.5,18.9,31.9,,1.5,3.2,4.7,.130,,2.5,2.2,4.7,2.9,couside01
5,Devin Booker,SG,21,PHO,54,1865,18.1,.561,.364,.312,1.5,12.7,7.0,24.4,1.2,0.6,13.9,31.7,,1.9,0.6,2.4,.063,,2.9,-2.0,0.9,1.4,bookede01
6,LeBron James,PF,33,CLE,82,3026,28.6,.621,.257,.336,3.7,22.3,13.1,44.4,1.9,2.0,16.1,31.6,,11.0,3.0,14.0,.221,,7.3,1.4,8.7,8.2,jamesle01
7,Giannis Antetokounmpo,PF,23,MIL,75,2756,27.3,.598,.100,.457,6.7,25.3,16.0,23.7,2.0,3.3,11.7,31.2,,8.3,3.6,11.9,.207,,5.3,0.9,6.2,5.7,antetgi01
8,Stephen Curry,PG,29,GSW,51,1631,28.2,.675,.580,.350,2.7,14.4,9.0,30.3,2.4,0.4,13.3,31.0,,7.2,1.9,9.1,.267,,7.8,0.0,7.7,4.0,curryst01
9,Kyrie Irving,PG,25,BOS,60,1931,25.0,.610,.374,.240,1.9,10.8,6.4,30.7,1.7,0.7,10.4,31.0,,6.3,2.7,8.9,.222,,6.4,0.9,7.3,4.5,irvinky01
10,Kristaps Porziņģis,PF,22,NYK,48,1553,20.4,.539,.256,.309,4.4,18.1,11.3,6.2,1.1,6.4,8.4,31.0,,1.4,1.8,3.2,.099,,1.9,-0.1,1.8,1.5,porzikr01
11,Damian Lillard,PG,27,POR,73,2670,25.2,.594,.445,.380,2.6,10.6,6.6,30.9,1.4,0.8,11.1,30.6,,9.9,2.7,12.6,.227,,7.0,0.3,7.2,6.3,lillada01
12,Kevin Durant,SF,29,GSW,68,2325,26.0,.640,.338,.331,1.6,19.5,11.2,25.5,1.0,4.0,12.9,30.4,,7.5,2.9,10.4,.215,,6.7,0.6,7.3,5.5,duranke01
13,Dennis Schröder,PG,24,ATL,67,2078,17.3,.515,.229,.231,2.4,8.8,5.6,36.2,1.7,0.2,12.7,30.4,,1.5,1.0,2.6,.059,,1.2,-1.9,-0.6,0.7,schrode01
14,Victor Oladipo,SG,25,IND,75,2552,23.1,.577,.323,.274,2.1,15.1,8.6,21.2,3.5,2.0,12.7,30.1,,4.3,4.0,8.2,.155,,4.1,1.7,5.8,5.0,oladivi01
15,Anthony Davis,PF,24,NOP,75,2727,28.9,.612,.111,.409,7.7,24.8,16.5,10.8,2.0,5.6,8.6,30.0,,8.8,4.9,13.7,.241,,5.3,1.4,6.7,5.9,davisan02
16,Lou Williams,SG,31,LAC,79,2589,20.2,.574,.387,.367,1.7,6.6,4.2,26.3,1.6,0.6,13.1,29.8,,5.5,1.2,6.7,.125,,4.2,-1.8,2.3,2.8,willilo02
17,DeMar DeRozan,SG,28,TOR,80,2711,21.0,.555,.203,.396,2.5,10.4,6.5,25.0,1.5,0.6,9.5,29.6,,6.8,2.8,9.6,.170,,3.3,-0.6,2.8,3.2,derozde01
18,LaMarcus Aldridge,C,32,SAS,75,2509,25.0,.570,.068,.296,10.8,17.3,14.0,11.3,0.9,3.0,6.8,29.1,,7.4,3.5,10.9,.209,,4.3,-0.4,3.9,3.7,aldrila01
19,Donovan Mitchell,SG,21,UTA,79,2638,16.7,.541,.404,.218,2.3,10.4,6.4,19.4,2.2,0.9,12.6,29.1,,1.4,3.8,5.2,.095,,0.9,0.3,1.2,2.2,mitchdo01
20,Blake Griffin,PF,28,TOT,58,1970,19.6,.544,.323,.331,4.1,19.8,12.0,28.1,1.0,0.8,12.6,28.9,,3.2,1.8,4.9,.120,,3.6,-0.2,3.4,2.7,griffbl01
21,Dennis Smith Jr.,PG,20,DAL,69,2049,12.8,.473,.331,.188,2.6,11.8,7.0,29.5,1.7,0.8,14.9,28.9,,-2.4,1.7,-0.7,-0.017,,-1.2,-1.2,-2.4,-0.2,smithde03
22,Tyreke Evans,PG,28,MEM,52,1607,21.1,.561,.354,.258,3.1,16.3,9.5,31.2,1.8,1.0,11.5,28.4,,3.1,1.2,4.2,.126,,4.9,-0.5,4.5,2.6,evansty01
23,Bradley Beal,SG,24,WAS,82,2977,18.4,.564,.357,.249,2.3,11.5,6.9,21.0,1.6,1.1,11.5,27.6,,4.4,2.5,6.9,.111,,2.9,-0.7,2.2,3.1,bealbr01
24,Zach Randolph,PF,36,SAC,59,1508,17.3,.529,.193,.140,7.0,23.7,15.0,14.9,1.4,0.6,12.5,27.6,,0.3,1.2,1.5,.048,,0.5,-1.5,-1.0,0.4,randoza01
25,Kemba Walker,PG,27,CHO,80,2736,20.6,.572,.441,.308,1.2,8.7,4.9,27.4,1.6,0.7,10.4,27.4,,6.5,2.0,8.6,.150,,4.7,-0.7,4.0,4.2,walkeke02
26,Michael Beasley,PF,29,NYK,74,1653,17.8,.556,.107,.197,6.5,21.2,13.9,12.5,1.1,2.3,14.0,26.9,,0.9,1.5,2.4,.069,,0.6,-0.8,-0.2,0.7,beaslmi01
27,Jordan Clarkson,SG,25,TOT,81,1888,16.4,.542,.333,.199,3.3,9.1,6.2,19.3,1.5,0.3,10.9,26.5,,1.9,1.2,3.0,.077,,1.5,-1.4,0.1,1.0,clarkjo01
28,CJ McCollum,SG,26,POR,81,2923,17.0,.536,.316,.166,2.0,9.9,6.0,15.8,1.3,1.0,8.6,26.5,,3.7,2.9,6.6,.108,,1.8,-0.5,1.2,2.4,mccolcj01
29,Jusuf Nurkić,C,23,POR,79,2088,19.2,.528,.007,.287,10.0,26.9,18.5,11.7,1.5,4.3,14.6,26.4,,0.8,3.9,4.7,.108,,-1.1,1.1,0.0,1.1,nurkiju01
30,Dwyane Wade,SG,36,TOT,67,1536,15.0,.500,.163,.277,3.7,14.6,9.2,23.5,2.0,2.6,15.5,26.2,,-0.4,1.6,1.1,.036,,-0.9,-0.1,-1.0,0.4,wadedw01
31,Eric Bledsoe,PG,28,TOT,74,2322,19.7,.582,.364,.321,2.6,11.7,7.1,25.7,3.2,1.5,16.1,26.1,,3.1,2.5,5.6,.116,,2.3,0.3,2.5,2.6,bledser01
32,Josh Jackson,SF,20,PHO,77,1959,11.8,.480,.233,.299,5.1,14.2,9.6,10.1,2.0,1.4,12.2,26.0,,-2.0,1.2,-0.7,-0.018,,-2.8,-1.4,-4.2,-1.1,jacksjo02
33,Bobby Portis,PF,22,CHI,73,1643,19.7,.548,.275,.192,10.0,23.0,16.2,13.2,1.5,1.3,10.5,26.0,,2.0,1.5,3.5,.101,,2.2,-1.3,0.8,1.2,portibo01
34,Nikola Vučević,C,27,ORL,57,1683,19.7,.533,.243,.112,6.6,27.8,17.1,19.9,1.6,3.0,11.0,25.9,,1.3,2.3,3.6,.102,,1.7,1.0,2.7,2.0,vucevni01
35,Goran Dragić,PG,31,MIA,75,2378,16.6,.543,.279,.252,2.5,11.9,7.2,25.4,1.3,0.4,12.2,25.7,,2.9,2.3,5.3,.106,,0.9,-0.6,0.3,1.4,dragigo01
36,Paul George,SF,27,OKC,79,2891,18.7,.570,.454,.307,2.7,14.9,8.6,14.5,2.8,1.2,12.2,25.7,,5.0,3.9,8.9,.147,,2.3,0.6,2.9,3.6,georgpa01
37,Marc Gasol,C,33,MEM,73,2408,17.4,.532,.310,.326,3.7,25.3,14.2,21.7,1.1,3.9,14.1,25.6,,1.5,2.6,4.0,.080,,1.7,0.6,2.3,2.7,gasolma01
38,Julius Randle,C,23,LAL,82,2190,19.9,.606,.050,.470,8.9,22.8,15.9,15.8,0.9,1.7,16.3,25.3,,4.0,2.6,6.6,.145,,0.6,0.0,0.6,1.4,randlju01
39,Harrison Barnes,PF,25,DAL,77,2634,15.8,.539,.276,.259,3.1,17.1,9.9,9.9,0.9,0.5,8.1,25.2,,2.0,1.9,3.8,.070,,0.8,-1.3,-0.5,1.0,barneha02
40,Kevin Love,C,29,CLE,59,1651,22.4,.614,.453,.365,7.0,29.8,18.6,9.8,1.3,1.2,9.6,25.1,,4.7,1.6,6.4,.185,,4.5,-1.3,3.3,2.2,loveke01
41,J.J. Barea,PG,33,DAL,69,1603,17.8,.545,.454,.148,1.0,13.4,7.0,45.1,1.1,0.2,16.3,24.9,,2.3,1.0,3.3,.098,,2.7,-1.5,1.2,1.3,bareajo01
42,Jimmy Butler,SG,28,MIN,59,2164,23.7,.590,.217,.461,4.2,12.7,8.4,20.6,2.7,1.0,8.9,24.9,,7.1,1.8,8.9,.198,,5.0,0.7,5.8,4.2,butleji01
43,T.J. Warren,SF,24,PHO,65,2142,17.6,.541,.085,.240,6.1,10.5,8.3,7.2,1.5,1.5,6.7,24.9,,2.6,0.8,3.4,.077,,0.8,-1.6,-0.7,0.7,warretj01
44,Kris Dunn,PG,23,CHI,52,1525,14.5,.488,.201,.171,1.6,14.4,7.8,33.3,3.3,1.6,17.3,24.7,,-1.0,1.9,0.9,.027,,-2.4,1.1,-1.3,0.3,dunnkr01
45,Aaron Gordon,PF,22,ORL,58,1909,16.5,.530,.395,.260,5.0,21.5,13.2,11.7,1.5,1.9,10.0,24.7,,0.9,2.0,2.9,.072,,0.9,-0.6,0.3,1.1,gordoaa01
46,Eric Gordon,SG,29,HOU,69,2154,15.2,.578,.627,.248,1.3,7.5,4.4,11.7,1.0,1.1,10.8,24.7,,2.9,1.8,4.7,.105,,2.0,-1.6,0.4,1.3,gordoer01
47,Khris Middleton,SF,26,MIL,82,2982,17.4,.577,.320,.285,1.8,15.0,8.4,17.7,2.0,0.6,11.8,24.6,,4.6,2.3,6.9,.111,,0.8,-0.8,0.0,1.5,middlkh01
48,Chris Paul,PG,32,HOU,58,1847,24.4,.604,.475,.277,2.3,16.7,9.5,40.9,2.6,0.6,12.5,24.5,,7.5,2.7,10.2,.265,,5.2,1.8,7.1,4.2,paulch01
49,Buddy Hield,SG,25,SAC,80,2024,16.1,.557,.437,.087,3.0,14.8,8.6,12.8,2.1,1.0,11.3,24.3,,1.3,1.5,2.8,.067,,1.6,-0.5,1.0,1.5,hieldbu01
50,Rodney Hood,SG,25,TOT,60,1616,14.3,.546,.443,.172,1.6,9.9,5.8,9.7,1.4,0.6,8.0,24.3,,1.2,1.5,2.7,.081,,0.8,-0.9,-0.1,0.8,hoodro01
51,Dwight Howard,C,32,CHO,81,2463,20.5,.577,.008,.639,11.0,33.8,22.2,7.1,1.0,4.4,15.1,24.2,,2.9,3.9,6.8,.132,,-0.3,0.1,-0.1,1.2,howardw01
52,Nikola Jokić,C,22,DEN,75,2443,24.4,.603,.277,.310,9.0,27.9,18.5,29.6,1.8,2.1,15.5,24.2,,7.8,2.9,10.7,.211,,5.3,1.6,6.9,5.5,jokicni01
53,Tim Hardaway Jr.,SG,25,NYK,57,1885,14.4,.533,.479,.209,1.9,11.3,6.6,12.7,1.6,0.5,9.0,23.8,,1.6,1.1,2.6,.067,,0.5,-1.1,-0.6,0.7,hardati02
54,Jamal Crawford,SG,37,MIN,80,1653,13.0,.519,.423,.152,1.4,5.5,3.5,16.9,1.2,0.5,10.7,23.7,,0.9,0.3,1.3,.037,,0.1,-2.5,-2.3,-0.1,crawfja01
55,Klay Thompson,SG,27,GSW,73,2506,16.0,.598,.442,.083,1.5,10.3,6.2,11.2,1.1,1.1,9.5,23.7,,3.1,1.8,4.9,.094,,1.7,-2.1,-0.4,1.0,thompkl01
56,Brook Lopez,C,29,LAL,74,1735,16.5,.557,.410,.199,4.6,13.4,9.0,11.6,0.8,4.6,10.2,23.5,,1.9,1.9,3.8,.105,,0.7,0.2,0.9,1.3,lopezbr01
57,De'Aaron Fox,PG,20,SAC,73,2026,11.2,.478,.192,.245,1.8,10.0,5.7,24.6,1.7,0.9,16.4,23.4,,-1.7,1.1,-0.6,-0.014,,-2.7,-1.5,-4.2,-1.1,foxde01
58,Andrew Wiggins,SF,22,MIN,82,2979,13.0,.505,.260,.242,3.1,10.8,6.9,8.2,1.5,1.5,8.8,23.4,,0.5,1.6,2.1,.034,,-0.8,-1.7,-2.4,-0.3,wiggian01
59,Evan Fournier,SF,25,ORL,57,1837,15.5,.577,.418,.216,1.4,9.5,5.4,14.8,1.3,0.7,9.8,23.3,,2.4,0.9,3.3,.087,,0.8,-1.4,-0.6,0.7,fournev01
60,Tobias Harris,PF,25,TOT,80,2668,17.1,.565,.364,.177,2.4,15.7,9.0,11.8,1.3,1.1,7.4,23.3,,4.2,2.5,6.7,.120,,2.3,-0.4,1.9,2.6,harrito02
61,Carmelo Anthony,PF,33,OKC,78,2501,12.7,.503,.406,.165,2.9,17.7,10.0,6.5,0.9,1.8,7.3,23.2,,1.2,2.5,3.7,.071,,-0.6,-1.3,-1.9,0.0,anthoca01
62,Jrue Holiday,SG,27,NOP,81,2927,17.8,.570,.286,.191,2.4,10.8,6.8,24.9,2.0,1.7,13.6,23.1,,4.2,2.9,7.1,.116,,1.3,0.3,1.6,2.7,holidjr01
63,Ricky Rubio,PG,27,UTA,77,2254,15.4,.537,.330,.307,2.2,15.3,8.8,28.4,2.7,0.4,18.1,22.9,,1.5,3.8,5.3,.112,,-0.7,1.5,0.7,1.6,rubiori01
64,Karl-Anthony Towns,C,22,MIN,82,2918,24.9,.646,.243,.343,9.3,30.9,20.0,10.8,1.1,3.5,10.5,22.9,,10.6,3.4,14.0,.230,,4.9,0.2,5.1,5.2,townska01
65,Jamal Murray,PG,20,DEN,81,2565,16.1,.576,.411,.238,3.6,9.4,6.5,16.4,1.5,0.9,12.8,22.8,,4.3,1.2,5.5,.103,,1.2,-1.5,-0.3,1.1,murraja01
66,Jonas Valančiūnas,C,25,TOR,77,1727,22.5,.628,.108,.307,12.1,30.3,21.4,7.5,0.8,3.2,12.9,22.7,,4.6,3.0,7.6,.210,,2.4,0.0,2.4,1.9,valanjo01
67,Kent Bazemore,SG,28,ATL,65,1789,14.5,.547,.405,.297,1.6,13.9,7.7,20.1,2.7,2.2,17.0,22.5,,0.2,2.0,2.2,.059,,-0.4,1.0,0.6,1.2,bazemke01
68,Kyle Kuzma,PF,22,LAL,77,2401,14.2,.549,.418,.200,3.9,17.4,10.7,9.1,1.0,1.1,11.0,22.5,,1.5,2.3,3.8,.077,,0.3,-1.0,-0.7,0.8,kuzmaky01
69,Caris LeVert,SF,23,BRK,71,1864,14.2,.525,.333,.254,3.0,11.9,7.4,26.0,2.1,0.9,15.8,22.5,,0.7,1.6,2.3,.058,,-0.8,0.0,-0.8,0.6,leverca01
70,Jeremy Lamb,SG,25,CHO,80,1967,17.0,.559,.305,.250,2.7,15.4,8.9,15.4,1.5,1.4,9.1,22.4,,3.0,1.9,4.9,.120,,1.3,0.2,1.6,1.8,lambje01
71,Ben Simmons,PG,21,PHI,81,2732,20.0,.557,.011,.342,5.9,19.5,13.0,37.4,2.5,2.1,19.5,22.3,,4.2,5.0,9.2,.162,,2.0,2.5,4.5,4.5,simmobe01
72,Rondae Hollis-Jefferson,SF,23,BRK,68,1920,16.9,.548,.075,.436,5.5,20.0,12.7,14.2,1.6,1.9,12.3,22.2,,2.1,2.0,4.1,.103,,-0.3,0.4,0.1,1.0,holliro01
73,Brandon Ingram,SF,20,LAL,59,1975,13.8,.536,.138,.371,3.1,13.8,8.5,17.7,1.1,1.8,14.4,22.2,,1.0,1.8,2.8,.068,,-0.9,-0.3,-1.2,0.4,ingrabr01
74,Taurean Prince,SF,23,ATL,82,2464,12.8,.549,.469,.185,2.3,15.3,8.8,13.9,1.7,1.5,15.3,22.1,,0.0,2.0,2.0,.038,,-0.5,-0.6,-1.1,0.6,princta02
75,Domantas Sabonis,C,21,IND,74,1810,17.5,.567,.056,.339,10.4,25.2,17.8,12.7,1.1,1.6,15.3,22.1,,2.5,2.2,4.7,.126,,-0.6,-0.5,-1.1,0.4,sabondo01
76,Jonathon Simmons,SG,28,ORL,69,2029,12.7,.555,.268,.317,3.3,9.7,6.5,13.3,1.4,0.6,14.4,22.0,,0.8,1.1,1.9,.045,,-1.7,-1.3,-3.1,-0.5,simmojo02
77,Lauri Markkanen,PF,20,CHI,68,2020,15.6,.552,.465,.193,4.0,23.7,13.5,6.4,0.9,1.8,8.2,21.9,,1.7,1.6,3.3,.079,,1.0,-1.2,-0.2,0.9,markkla01
78,Elfrid Payton,PG,23,TOT,63,1808,16.5,.538,.138,.252,3.8,12.8,8.2,34.9,2.2,1.0,18.5,21.9,,1.4,1.4,2.8,.075,,0.1,-0.3,-0.2,0.8,paytoel01
79,Willie Cauley-Stein,C,24,SAC,73,2044,17.6,.529,.016,.320,7.0,22.0,14.2,13.7,1.9,3.1,11.0,21.8,,1.7,2.2,3.9,.092,,-0.4,0.3,-0.1,1.0,caulewi01
80,Enes Freedom,C,25,NYK,71,1830,24.0,.630,.003,.258,16.6,30.6,23.6,9.4,1.0,1.7,13.3,21.8,,5.5,2.1,7.6,.198,,3.3,-1.1,2.2,1.9,kanteen01
81,Kyle Lowry,PG,31,TOR,78,2510,19.5,.598,.631,.276,3.0,16.1,9.7,30.9,1.7,0.6,14.7,21.7,,7.0,3.1,10.2,.194,,4.7,0.5,5.2,4.5,lowryky01
82,Kelly Olynyk,PF,26,MIA,76,1779,17.8,.612,.440,.274,5.6,21.6,13.6,18.7,1.7,1.7,17.1,21.7,,2.8,2.7,5.5,.148,,1.1,1.2,2.3,1.9,olynyke01
83,J.J. Redick,SG,33,PHI,70,2116,15.9,.614,.523,.248,0.5,8.3,4.5,15.1,0.8,0.2,9.6,21.7,,4.8,1.8,6.6,.150,,2.2,-1.1,1.1,1.7,redicjj01
84,Lance Stephenson,SG,27,IND,82,1850,12.4,.495,.327,.179,3.8,22.0,12.9,18.6,1.2,0.8,14.6,21.6,,-0.2,2.0,1.8,.046,,-1.5,-0.3,-1.8,0.1,stephla01
85,Jaylen Brown,SG,21,BOS,70,2152,13.6,.562,.381,.290,3.4,14.0,8.8,8.5,1.6,1.0,12.0,21.4,,1.2,3.2,4.5,.100,,-0.8,0.3,-0.5,0.8,brownja02
86,Andre Drummond,C,24,DET,78,2625,22.9,.555,.012,.448,16.4,36.4,26.2,14.3,2.2,4.3,15.9,21.2,,4.6,5.7,10.3,.189,,1.5,1.7,3.2,3.4,drumman01
87,Dario Šarić,PF,23,PHI,78,2310,15.8,.582,.448,.233,7.5,16.4,12.1,13.0,1.1,0.7,13.1,20.9,,3.8,2.8,6.6,.137,,1.8,-0.5,1.3,1.9,saricda01
88,Ish Smith,PG,29,DET,82,2043,15.4,.525,.126,.145,1.4,10.9,6.1,28.4,1.6,0.9,11.2,20.8,,2.4,2.0,4.4,.102,,-0.3,0.3,0.0,1.0,smithis01
89,Will Barton,SG,27,DEN,81,2683,16.2,.562,.411,.220,3.0,14.2,8.6,18.5,1.5,1.6,11.7,20.7,,4.4,1.8,6.2,.111,,1.6,-0.4,1.1,2.1,bartowi01
90,Marco Belinelli,SG,31,TOT,80,1947,14.1,.581,.517,.213,1.1,7.3,4.3,11.9,1.6,0.5,10.1,20.7,,2.4,1.3,3.7,.092,,0.4,-0.8,-0.5,0.8,belinma01
91,Gary Harris,SG,23,DEN,67,2304,16.5,.597,.434,.178,1.8,6.8,4.3,13.0,2.6,0.5,10.8,20.7,,3.9,1.5,5.5,.114,,1.0,-0.2,0.8,1.7,harriga01
92,Dejounte Murray,PG,21,SAS,81,1743,15.1,.485,.056,.243,7.0,22.4,14.6,20.2,2.8,1.5,16.6,20.7,,-0.2,3.4,3.2,.087,,-1.6,2.2,0.5,1.1,murrade01
93,Austin Rivers,SG,25,LAC,61,2057,12.6,.526,.447,.198,1.5,6.2,3.9,17.5,1.7,0.6,11.1,20.6,,1.4,1.0,2.4,.056,,-0.3,-0.9,-1.2,0.4,riverau01
94,Jeff Teague,PG,29,MIN,70,2311,16.4,.553,.287,.301,1.2,9.3,5.2,30.6,2.2,0.9,16.4,20.6,,3.4,1.4,4.9,.101,,1.1,-0.7,0.4,1.4,teaguje01
95,Frank Kaminsky,PF,24,CHO,79,1835,14.4,.545,.383,.271,2.7,14.5,8.5,11.0,1.0,0.9,7.6,20.5,,2.3,1.3,3.6,.094,,0.6,-0.8,-0.2,0.8,kaminfr01
96,Dirk Nowitzki,C,39,DAL,77,1900,16.7,.575,.445,.142,1.2,25.2,12.8,10.4,1.1,2.1,6.0,20.5,,2.6,2.2,4.8,.121,,1.7,0.6,2.3,2.1,nowitdi01
97,Pau Gasol,C,37,SAS,77,1812,18.9,.539,.191,.333,7.8,30.2,19.0,20.1,0.7,3.6,13.1,20.4,,2.7,3.3,6.0,.159,,1.5,1.9,3.4,2.5,gasolpa01
98,Robin Lopez,C,29,CHI,64,1690,14.7,.552,.022,.140,8.2,10.3,9.2,12.3,0.4,2.8,13.5,20.4,,1.2,0.7,1.9,.055,,-0.9,-1.3,-2.2,-0.1,lopezro01
99,Terry Rozier,PG,23,BOS,80,2068,15.1,.520,.503,.186,3.4,16.3,9.9,17.5,1.9,0.8,8.5,20.4,,2.2,3.4,5.6,.130,,0.9,1.2,2.1,2.1,roziete01
100,Spencer Dinwiddie,PG,24,BRK,80,2306,15.9,.527,.517,.320,1.8,10.2,6.0,35.0,1.4,0.7,11.8,20.3,,4.3,1.4,5.7,.118,,1.3,-0.7,0.6,1.5,dinwisp01
101,Myles Turner,C,21,IND,65,1836,16.6,.567,.246,.322,5.8,19.8,12.8,7.0,1.0,5.7,11.6,20.0,,2.2,2.5,4.7,.122,,-0.6,0.4,-0.2,0.8,turnemy01
102,Mario Hezonja,SF,22,ORL,75,1657,13.7,.544,.433,.170,2.7,16.1,9.3,10.0,2.4,1.5,11.5,19.9,,0.5,1.8,2.3,.066,,-0.9,0.4,-0.5,0.6,hezonma01
103,DeMarre Carroll,PF,31,BRK,73,2180,14.3,.550,.498,.313,5.1,18.4,11.7,10.5,1.3,1.0,10.3,19.8,,2.3,1.8,4.1,.091,,0.5,-0.4,0.2,1.2,carrode01
104,Bogdan Bogdanović,SG,25,SAC,78,2175,13.5,.556,.426,.154,1.6,10.5,5.8,18.3,1.7,0.7,13.2,19.6,,1.8,1.1,2.9,.064,,-0.6,-0.9,-1.5,0.3,bogdabo01
105,Markieff Morris,PF,28,WAS,73,1968,13.2,.566,.301,.186,4.3,19.2,11.8,11.0,1.4,1.7,14.6,19.5,,1.2,2.1,3.3,.080,,-1.3,0.1,-1.3,0.4,morrima02
106,Shabazz Napier,PG,26,POR,74,1535,14.2,.544,.411,.260,1.9,10.1,6.0,14.6,2.6,0.7,13.2,19.5,,1.2,2.0,3.2,.101,,-0.7,1.4,0.7,1.0,napiesh01
107,Clint Capela,C,23,HOU,74,2034,24.5,.650,.001,.380,13.5,30.8,22.2,5.7,1.4,5.7,11.5,19.4,,6.2,4.1,10.2,.242,,2.4,1.0,3.4,2.8,capelca01
108,Serge Ibaka,PF,28,TOR,76,2093,14.7,.574,.379,.151,4.3,21.0,12.8,4.4,0.7,3.8,9.7,19.4,,2.1,3.0,5.1,.117,,-0.1,0.0,-0.1,1.0,ibakase01
109,Kelly Oubre Jr.,SF,22,WAS,81,2231,11.9,.534,.467,.295,3.0,15.4,9.2,6.4,1.8,1.4,9.2,19.4,,1.4,2.3,3.7,.080,,-1.6,-0.1,-1.7,0.2,oubreke01
110,Marcus Smart,SG,23,BOS,54,1614,10.8,.479,.483,.258,3.0,9.8,6.4,23.7,2.2,1.2,18.4,19.4,,-0.6,2.5,1.9,.056,,-2.1,1.0,-1.2,0.3,smartma01
111,Jayson Tatum,SF,19,BOS,80,2443,15.2,.586,.290,.309,2.3,15.6,9.0,8.3,1.7,2.0,10.7,19.4,,3.0,4.0,7.1,.139,,0.0,1.2,1.2,2.0,tatumja01
112,Jeff Green,PF,31,CLE,78,1828,14.8,.587,.275,.379,3.7,11.2,7.6,8.0,1.1,1.6,9.4,19.3,,3.1,0.8,3.9,.103,,-0.3,-1.5,-1.8,0.1,greenje02
113,James Johnson,PF,30,MIA,73,1943,15.8,.575,.301,.264,3.5,17.2,10.3,22.5,1.8,2.2,17.1,19.1,,2.2,2.8,5.0,.123,,0.0,1.6,1.6,1.7,johnsja01
114,Fred VanVleet,PG,23,TOR,76,1520,15.9,.556,.479,.185,1.9,11.5,6.8,22.8,2.2,1.0,11.2,19.1,,2.7,2.0,4.7,.149,,1.4,1.0,2.4,1.7,vanvlfr01
115,Bojan Bogdanović,SF,28,IND,80,2464,13.9,.605,.453,.241,1.4,10.9,6.2,7.1,1.1,0.3,10.1,19.0,,3.8,1.6,5.4,.105,,0.5,-1.2,-0.7,0.8,bogdabo02
116,Allen Crabbe,SG,25,BRK,75,2197,12.3,.558,.643,.163,1.3,14.4,7.8,8.4,1.0,1.2,8.1,19.0,,1.8,1.4,3.2,.070,,0.0,-0.7,-0.7,0.7,crabbal01
117,Ersan İlyasova,PF,30,TOT,69,1729,14.9,.558,.413,.220,7.6,18.0,12.9,7.9,1.7,1.3,9.7,18.7,,2.2,1.9,4.0,.112,,-0.2,-0.4,-0.6,0.6,ilyaser01
118,D.J. Augustin,PG,30,ORL,75,1760,15.4,.615,.504,.350,1.9,8.2,5.0,24.4,1.5,0.0,16.5,18.6,,3.3,0.8,4.1,.110,,1.0,-1.2,-0.2,0.8,augusdj01
119,Tyler Johnson,PG,25,MIA,72,2052,13.0,.549,.456,.181,1.9,11.7,6.8,12.4,1.5,1.4,9.5,18.6,,1.9,2.3,4.2,.097,,-0.5,0.2,-0.3,0.9,johnsty01
120,Dillon Brooks,SF,22,MEM,82,2350,9.8,.531,.342,.215,2.4,10.5,6.3,9.3,1.6,0.7,12.8,18.5,,0.1,1.1,1.2,.024,,-2.9,-1.1,-4.0,-1.2,brookdi01
121,Derrick Favors,C,26,UTA,77,2153,18.8,.593,.090,.306,10.6,18.5,14.6,7.8,1.3,3.2,9.9,18.5,,4.5,3.5,8.0,.179,,0.9,0.7,1.5,1.9,favorde01
122,Tyler Ulis,PG,22,PHO,71,1658,10.1,.465,.265,.183,1.5,6.8,4.1,28.0,2.0,0.3,17.6,18.5,,-0.7,0.5,-0.2,-0.006,,-3.0,-1.4,-4.4,-1.0,ulisty01
123,Al Horford,C,31,BOS,72,2277,17.6,.575,.300,.159,5.0,20.2,12.7,23.6,0.9,2.9,14.1,18.4,,4.0,3.8,7.8,.165,,2.4,2.0,4.4,3.7,horfoal01
124,Otto Porter Jr.,SF,24,WAS,77,2432,18.3,.602,.354,.145,4.8,18.1,11.4,10.1,2.4,1.5,7.4,18.4,,5.0,3.1,8.1,.161,,2.6,1.0,3.5,3.4,porteot01
125,Nicolas Batum,SG,29,CHO,64,1981,14.4,.523,.422,.200,3.1,13.8,8.4,26.2,1.6,1.0,15.6,18.3,,1.7,1.8,3.5,.084,,0.5,-0.1,0.4,1.2,batumni01
126,Justin Holiday,SG,28,CHI,72,2265,10.8,.513,.574,.210,1.4,12.8,6.9,10.1,1.7,1.2,9.8,18.2,,0.1,1.6,1.7,.036,,-1.6,-0.3,-1.9,0.0,holidju01
127,Josh Richardson,SF,24,MIA,81,2689,13.6,.551,.380,.160,2.9,9.0,6.0,13.2,2.3,2.4,12.9,18.2,,1.8,3.5,5.4,.096,,-0.6,1.3,0.7,1.8,richajo01
128,Marquese Chriss,PF,20,PHO,72,1527,11.1,.509,.398,.331,5.2,22.7,13.8,8.1,1.6,3.7,16.4,18.1,,-0.8,1.5,0.7,.023,,-3.2,0.4,-2.8,-0.3,chrisma01
129,John Collins,PF,20,ATL,74,1785,18.3,.620,.086,.341,11.0,22.8,16.9,8.9,1.3,3.8,14.3,17.9,,3.4,2.0,5.4,.145,,-0.4,0.2,-0.2,0.8,collijo01
130,JaMychal Green,PF,27,MEM,55,1542,14.0,.530,.260,.227,10.8,24.4,17.4,8.3,1.0,1.5,12.4,17.8,,1.3,1.3,2.6,.079,,-0.8,-1.5,-2.3,-0.1,greenja01
131,Patty Mills,PG,29,SAS,82,2107,11.8,.558,.607,.173,1.4,6.8,4.1,16.0,1.3,0.4,12.6,17.8,,2.0,2.1,4.1,.093,,-0.6,-0.4,-1.0,0.5,millspa02
132,Wesley Matthews,SF,31,DAL,63,2131,11.4,.541,.577,.145,1.4,9.2,5.2,12.3,1.8,0.7,10.1,17.6,,1.0,1.6,2.6,.059,,-1.0,0.1,-0.9,0.6,matthwe02
133,Denzel Valentine,SG,24,CHI,77,2095,12.1,.527,.513,.071,2.4,18.3,10.1,17.8,1.5,0.5,11.8,17.5,,1.0,1.5,2.5,.057,,-1.0,0.0,-1.0,0.5,valende01
134,Lonzo Ball,PG,20,LAL,52,1780,12.5,.444,.523,.126,4.2,17.3,10.8,29.2,2.4,2.0,18.6,17.4,,-0.5,2.5,2.0,.053,,-0.7,1.6,1.0,1.3,balllo01
135,Darren Collison,PG,30,IND,69,2018,18.8,.610,.321,.226,2.1,7.8,5.0,26.4,2.3,0.7,10.9,17.4,,5.8,1.8,7.6,.181,,2.4,0.3,2.7,2.4,collida01
136,Jerian Grant,PG,25,CHI,74,1686,14.3,.528,.372,.374,1.9,9.3,5.5,30.1,1.8,0.4,13.2,17.4,,2.3,1.0,3.3,.094,,-0.9,-0.5,-1.3,0.3,grantje02
137,Jae Crowder,SF,27,TOT,80,2090,10.4,.525,.508,.221,3.2,11.5,7.4,6.9,1.5,0.9,9.1,17.3,,1.0,1.6,2.6,.060,,-1.9,-0.6,-2.5,-0.3,crowdja01
138,Wayne Ellington,SG,30,MIA,77,2041,12.5,.588,.827,.111,1.3,10.7,6.0,5.9,1.3,0.3,6.6,17.3,,2.6,1.9,4.5,.105,,1.0,-0.6,0.4,1.2,ellinwa01
139,Thaddeus Young,PF,29,IND,81,2607,14.8,.528,.209,.106,8.0,14.1,11.1,8.5,2.6,1.2,10.4,17.3,,2.3,3.2,5.5,.101,,-0.2,0.4,0.2,1.4,youngth01
140,Robert Covington,SF,27,PHI,80,2532,12.9,.563,.658,.163,2.4,15.5,9.2,8.7,2.6,2.4,12.3,17.2,,1.6,4.5,6.1,.116,,-0.2,1.7,1.5,2.3,covinro01
141,Troy Daniels,SG,26,PHO,79,1622,9.8,.583,.797,.111,0.8,7.7,4.2,4.5,0.8,0.2,8.5,17.2,,1.4,0.0,1.4,.042,,-0.5,-2.1,-2.6,-0.3,danietr01
142,Draymond Green,PF,27,GSW,70,2287,16.1,.556,.414,.279,3.9,21.1,13.1,29.0,2.0,3.1,22.5,17.2,,2.6,3.4,6.1,.127,,0.9,1.9,2.8,2.8,greendr01
143,Jarell Martin,PF,23,MEM,73,1661,10.5,.516,.198,.234,6.6,15.8,11.1,7.0,1.2,2.8,13.6,17.1,,0.1,1.2,1.3,.038,,-3.3,-0.7,-4.0,-0.8,martija01
144,Dewayne Dedmon,C,28,ATL,62,1542,15.8,.599,.296,.180,7.2,28.1,17.7,9.2,1.3,2.8,14.3,17.0,,1.8,1.9,3.7,.114,,-0.4,0.5,0.1,0.8,dedmode01
145,Yogi Ferrell,SG,24,DAL,82,2282,11.4,.540,.492,.141,1.2,11.2,6.1,13.5,1.4,0.4,9.1,17.0,,1.5,1.5,3.0,.064,,-1.3,0.0,-1.4,0.4,ferreyo01
146,Kentavious Caldwell-Pope,SG,24,LAL,74,2458,13.2,.561,.520,.243,2.6,14.1,8.4,9.4,2.1,0.5,9.9,16.9,,2.6,2.7,5.3,.103,,-0.4,0.6,0.3,1.4,caldwke01
147,Rudy Gobert,C,25,UTA,56,1816,20.7,.657,.000,.673,10.4,27.0,18.8,6.9,1.2,6.0,15.7,16.9,,4.2,3.9,8.1,.214,,0.9,2.5,3.4,2.5,goberru01
148,Courtney Lee,SG,32,NYK,76,2310,13.0,.564,.368,.164,1.4,9.3,5.4,11.3,1.7,0.6,9.4,16.9,,2.7,1.2,3.9,.082,,-0.1,-0.2,-0.3,1.0,leeco01
149,Frank Ntilikina,PG,19,NYK,78,1706,7.0,.437,.314,.136,2.4,9.1,5.8,20.0,1.9,0.9,19.8,16.9,,-2.0,1.1,-0.9,-0.026,,-4.5,-0.5,-5.0,-1.3,ntilila01
150,Rajon Rondo,PG,31,NOP,65,1705,15.3,.522,.304,.093,2.0,14.2,8.4,42.2,2.0,0.5,22.7,16.9,,1.9,1.7,3.6,.101,,0.0,-0.4,-0.3,0.7,rondora01
151,Steven Adams,C,24,OKC,76,2487,20.6,.630,.003,.402,16.6,13.9,15.3,5.5,1.8,2.8,13.3,16.7,,6.7,3.0,9.7,.187,,1.7,-0.6,1.1,2.0,adamsst01
152,Bryn Forbes,SG,24,SAS,80,1517,9.1,.525,.459,.145,0.9,7.2,4.0,7.8,0.9,0.1,6.5,16.7,,0.8,1.3,2.1,.067,,-2.5,-0.6,-3.1,-0.4,forbebr01
153,Jarrett Jack,PG,34,NYK,62,1548,11.5,.489,.194,.169,1.6,12.1,6.8,31.3,1.1,0.2,19.5,16.7,,0.5,0.7,1.2,.036,,-1.6,-1.3,-2.8,-0.3,jackja01
154,Danny Green,SG,30,SAS,70,1791,11.4,.509,.570,.116,2.5,13.0,7.7,8.9,1.8,3.7,11.2,16.6,,0.1,2.9,2.9,.078,,-1.0,1.4,0.4,1.1,greenda02
155,Joe Harris,SG,26,BRK,78,1975,13.3,.634,.576,.167,2.7,11.3,7.0,10.2,0.9,0.8,12.0,16.6,,3.0,0.9,4.0,.097,,0.7,-0.6,0.1,1.0,harrijo01
156,Stanley Johnson,SF,21,DET,69,1894,9.0,.480,.418,.259,1.9,13.0,7.3,8.5,2.5,0.7,11.0,16.4,,-0.6,2.4,1.8,.046,,-4.0,1.1,-2.9,-0.4,johnsst04
157,Garrett Temple,SG,31,SAC,65,1615,10.2,.536,.477,.164,1.5,9.6,5.4,11.3,1.8,1.6,13.4,16.4,,0.3,0.9,1.2,.035,,-2.2,-0.3,-2.5,-0.2,templga01
158,George Hill,PG,31,TOT,67,1812,13.3,.580,.400,.273,2.6,8.9,5.7,15.0,1.7,1.3,13.3,16.3,,2.3,0.9,3.2,.085,,-0.2,-0.5,-0.8,0.6,hillge01
159,Justise Winslow,PF,21,MIA,68,1680,11.5,.496,.264,.213,4.3,20.5,12.4,13.0,1.6,1.7,12.6,16.3,,0.2,2.4,2.6,.075,,-2.2,1.1,-1.1,0.4,winslju01
160,Michael Kidd-Gilchrist,SF,24,CHO,74,1850,12.5,.536,.004,.305,4.8,13.0,8.8,5.9,1.3,1.4,7.7,16.1,,1.7,1.6,3.3,.084,,-2.1,0.0,-2.1,-0.1,kiddgmi01
161,E'Twaun Moore,SG,28,NOP,82,2586,12.1,.593,.362,.082,2.5,7.3,5.0,10.1,1.5,0.4,10.6,16.1,,2.8,1.6,4.4,.081,,-1.0,-0.5,-1.6,0.3,mooreet01
162,Jerami Grant,PF,23,OKC,81,1647,16.2,.607,.241,.526,5.6,16.3,10.7,5.1,0.9,4.2,8.8,16.0,,3.5,1.9,5.4,.156,,0.0,0.3,0.3,1.0,grantje01
163,Kyle Korver,SG,36,CLE,73,1574,13.4,.652,.777,.149,0.7,10.9,5.9,8.0,1.0,1.5,9.6,16.0,,2.8,0.6,3.4,.104,,1.5,-1.2,0.2,0.9,korveky01
164,Joe Ingles,SF,30,UTA,82,2578,14.4,.623,.646,.116,1.1,13.9,7.6,22.9,1.8,0.7,17.4,15.9,,4.0,3.6,7.6,.141,,1.0,1.3,2.3,2.8,inglejo01
165,Reggie Bullock,SF,26,DET,62,1732,13.6,.615,.515,.090,1.7,8.3,4.9,8.4,1.4,0.7,7.6,15.7,,2.8,1.4,4.2,.117,,0.7,0.0,0.7,1.2,bullore01
166,Pascal Siakam,PF,23,TOR,81,1679,14.5,.549,.265,.175,5.4,18.6,12.1,13.5,1.8,2.0,11.1,15.7,,2.1,2.5,4.7,.133,,-0.3,1.6,1.3,1.4,siakapa01
167,David Nwaba,SG,25,CHI,70,1646,12.2,.542,.123,.480,5.6,16.0,10.6,9.4,1.7,1.6,13.1,15.6,,1.1,1.4,2.4,.071,,-2.7,0.2,-2.5,-0.2,nwabada01
168,Evan Turner,SF,29,POR,79,2034,9.9,.520,.229,.185,1.6,11.4,6.5,12.4,1.1,1.2,13.7,15.6,,0.5,2.1,2.6,.061,,-2.9,0.4,-2.5,-0.3,turneev01
169,Marcin Gortat,C,33,WAS,82,2075,14.7,.546,.000,.291,9.9,24.0,17.0,10.6,1.0,2.6,13.5,15.5,,2.4,2.4,4.9,.113,,-0.8,0.3,-0.6,0.8,gortama01
170,Dwight Powell,C,26,DAL,79,1672,18.8,.656,.195,.430,8.7,21.3,14.7,8.5,2.0,1.7,10.3,15.5,,4.6,2.1,6.6,.191,,0.6,1.0,1.6,1.5,poweldw01
171,DeAndre Jordan,C,29,LAC,77,2424,20.2,.648,.000,.540,15.1,37.6,26.5,7.1,0.8,2.4,16.1,15.2,,6.0,3.4,9.4,.186,,1.7,-0.3,1.4,2.1,jordade01
172,John Henson,C,27,MIL,76,1970,15.7,.582,.014,.315,9.0,21.5,15.3,8.6,1.1,4.7,12.8,15.0,,2.8,2.2,4.9,.120,,-1.0,0.1,-0.9,0.5,hensojo01
173,Doug McDermott,SF,26,TOT,81,1768,10.4,.579,.425,.159,2.5,10.2,6.3,6.5,0.5,0.8,9.3,15.0,,1.7,0.6,2.3,.063,,-1.0,-1.3,-2.2,-0.1,mcderdo01
174,Al-Farouq Aminu,PF,27,POR,69,2072,12.0,.522,.582,.137,5.2,22.3,13.8,5.8,1.9,1.6,11.3,14.8,,0.9,3.2,4.2,.097,,-0.7,1.1,0.4,1.3,aminual01
175,Cory Joseph,PG,26,IND,82,2210,11.0,.503,.315,.156,2.0,11.4,6.7,16.1,1.8,0.7,11.9,14.8,,1.2,2.0,3.1,.068,,-1.8,0.3,-1.5,0.3,josepco01
176,Jakob Poeltl,C,22,TOR,82,1524,17.5,.662,.005,.263,12.4,16.4,14.4,5.4,1.3,5.2,16.6,14.8,,3.1,2.4,5.6,.175,,-0.7,1.1,0.4,0.9,poeltja01
177,Anthony Tolliver,PF,32,DET,79,1757,13.9,.663,.773,.282,3.1,12.3,7.6,7.5,0.9,1.1,9.9,14.8,,3.8,1.5,5.3,.146,,1.2,-0.3,0.9,1.3,tollian01
178,Marvin Williams,PF,31,CHO,78,2006,13.9,.603,.542,.218,3.9,16.2,10.0,7.0,1.4,1.6,9.7,14.8,,3.1,1.9,5.0,.119,,0.6,0.3,1.0,1.5,willima02
179,Taj Gibson,PF,32,MIN,82,2726,15.4,.610,.047,.251,8.1,16.7,12.4,5.2,1.1,1.9,9.8,14.7,,5.4,1.7,7.2,.126,,0.1,-0.7,-0.5,1.0,gibsota01
180,Ryan Anderson,PF,29,HOU,66,1725,12.6,.592,.706,.194,6.2,15.4,10.8,5.1,0.7,1.0,7.5,14.4,,3.1,1.7,4.8,.132,,0.9,-0.8,0.1,0.9,anderry01
181,Trevor Ariza,SF,32,HOU,67,2269,11.8,.567,.710,.137,1.7,12.9,7.3,6.8,2.1,0.5,7.0,14.4,,2.6,2.8,5.3,.113,,0.0,0.7,0.7,1.5,arizatr01
182,Wilson Chandler,SF,30,DEN,74,2346,10.9,.542,.390,.181,4.9,14.1,9.6,9.4,0.9,1.4,11.9,14.3,,2.1,1.2,3.3,.067,,-1.0,-1.1,-2.1,-0.1,chandwi01
183,Justin Jackson,SF,22,SAC,68,1506,9.2,.521,.442,.086,2.0,12.6,7.1,7.2,0.9,0.8,8.4,14.2,,0.4,0.5,1.0,.031,,-2.4,-1.1,-3.5,-0.6,jacksju01
184,T.J. McConnell,PG,25,PHI,76,1706,12.5,.545,.147,.093,2.4,11.5,7.1,24.5,2.6,0.6,20.4,13.8,,1.3,2.5,3.8,.108,,-1.9,1.9,0.0,0.9,mccontj01
185,J.R. Smith,SG,32,CLE,80,2244,8.4,.534,.640,.094,1.5,10.1,5.9,8.6,1.5,0.4,11.6,13.8,,0.6,0.9,1.4,.031,,-2.1,-0.9,-3.0,-0.6,smithjr01
186,James Ennis III,SF,27,TOT,72,1604,11.6,.588,.398,.302,5.1,11.0,8.0,6.6,1.5,1.0,11.4,13.7,,2.0,1.1,3.1,.092,,-1.1,-0.1,-1.2,0.3,ennisja01
187,Tomáš Satoranský,SG,26,WAS,73,1643,15.4,.615,.263,.250,5.0,11.1,8.0,24.8,1.6,0.8,16.3,13.7,,3.7,1.3,5.0,.145,,0.8,0.5,1.2,1.3,satorto01
188,Kyle Anderson,SF,24,SAS,74,1978,15.9,.582,.130,.333,4.7,17.6,11.1,14.7,2.9,2.5,15.8,13.5,,2.4,3.8,6.2,.151,,-0.4,3.3,2.9,2.4,anderky01
189,Luc Mbah a Moute,PF,31,HOU,61,1564,10.3,.595,.501,.275,1.6,11.7,6.7,5.0,2.3,1.4,15.0,12.8,,0.8,2.1,2.8,.087,,-1.6,1.4,-0.2,0.7,mbahalu01
190,Darius Miller,SF,27,NOP,82,1944,9.3,.617,.735,.138,1.0,7.9,4.6,7.5,0.7,0.7,10.1,12.8,,2.1,0.9,3.0,.075,,-1.1,-0.8,-1.9,0.1,milleda01
191,Dragan Bender,PF,20,PHO,82,2069,7.1,.524,.665,.105,2.0,16.8,9.3,8.9,0.5,2.1,18.1,12.7,,-0.7,0.8,0.1,.001,,-2.9,-0.8,-3.7,-0.9,bendedr01
192,Dante Cunningham,SF,30,TOT,73,1562,10.0,.539,.462,.143,5.5,14.9,10.3,4.3,1.2,1.5,7.9,11.6,,1.1,1.3,2.4,.074,,-1.5,-0.2,-1.7,0.1,cunnida01
193,Andre Iguodala,SF,34,GSW,64,1622,11.2,.536,.366,.272,3.7,12.6,8.5,16.2,1.6,1.9,15.8,11.5,,1.6,1.6,3.2,.094,,-1.1,0.8,-0.3,0.7,iguodan01
194,Tony Snell,SG,26,MIL,75,2053,8.5,.578,.631,.113,0.5,7.5,4.0,6.5,1.1,1.2,7.5,10.6,,1.6,0.7,2.4,.056,,-1.5,-0.8,-2.3,-0.1,snellto01
195,P.J. Tucker,PF,32,HOU,82,2281,8.3,.537,.703,.136,4.6,17.8,11.3,4.6,1.7,1.0,13.7,10.5,,1.0,3.0,3.9,.082,,-1.9,0.8,-1.1,0.5,tuckepj01
